<?xml version="1.0" encoding="UTF-8" ?>
<!DOCTYPE mapper
        PUBLIC "-//mybatis.org//DTD Mapper 3.0//EN"
        "https://mybatis.org/dtd/mybatis-3-mapper.dtd">

<mapper namespace="com.bitstudy.app.dao.commentMapper">

    <select id="cmmt_select" parameterType="int" resultType="CommentDto">
        select * from comment where cu_no = #{cu_no} order by  co_no desc
    </select>

    <delete id="delete" parameterType="map">
        delete from comment
        where (co_no=#{co_no} and user_id = #{user_id})
    </delete>

    <delete id="deleteForAdmin" parameterType="int">
        delete from comment where co_no =#{co_no}
    </delete>

    <update id="update" parameterType="CommentDto">
        update comment
        set co_comment = #{co_comment},
        co_update = now()
        where co_no = #{co_no} and user_id = #{user_id}
    </update>

    <insert id="insert" parameterType="CommentDto">
        insert into comment ( user_no, user_id, cu_no, co_comment, co_update) VALUES (#{user_no}, #{user_id}, #{cu_no}, #{co_comment}, now());
    </insert>



</mapper>














